candidate_id,rank,name,score,match_percentage,experience,reason_codes,reasoning
CAND_0000031,1,Ela Singh,0.210246,21.02,6.0 years,"Profile-to-JD relevance: 3.4%; JD-matched skills: Feature Engineering, Marketing","3.4% profile-to-job-description relevance; matched skills: Feature Engineering, Marketing"
CAND_0000043,2,Aarav Sen,0.167811,16.78,8.3 years,Profile-to-JD relevance: 2.9%; JD-matched skills: Feature Engineering,2.9% profile-to-job-description relevance; matched skills: Feature Engineering
CAND_0000050,3,Naina Bose,0.16206,16.21,13.5 years,"Profile-to-JD relevance: 18.3%; JD-matched skills: gRPC, SEO, Feature Engineering +2 more","18.3% profile-to-job-description relevance; matched skills: gRPC, SEO, Feature Engineering, Marketing, Data Pipelines"
CAND_0000014,4,Atharv Joshi,0.129984,13.0,8.4 years,Profile-to-JD relevance: 0.9%; JD-matched skills: SEO,0.9% profile-to-job-description relevance; matched skills: SEO
CAND_0000032,5,Pranav Agarwal,0.12855,12.86,8.1 years,Profile-to-JD relevance: 2.3%; JD-matched skills: Data Pipelines,2.3% profile-to-job-description relevance; matched skills: Data Pipelines
CAND_0000029,6,Priya Sethi,0.125925,12.59,7.2 years,Profile-to-JD relevance: 7.4%; JD-matched skills: gRPC,7.4% profile-to-job-description relevance; matched skills: gRPC
CAND_0000006,7,Rajesh Desai,0.125152,12.52,6.0 years,"Profile-to-JD relevance: 7.4%; JD-matched skills: SEO, gRPC","7.4% profile-to-job-description relevance; matched skills: SEO, gRPC"
CAND_0000015,8,Rahul Agarwal,0.121729,12.17,5.4 years,Profile-to-JD relevance: 1.3%; JD-matched skills: SEO,1.3% profile-to-job-description relevance; matched skills: SEO
CAND_0000025,9,Anika Kumar,0.113064,11.31,7.3 years,Profile-to-JD relevance: 2.3%; JD-matched skills: Data Pipelines,2.3% profile-to-job-description relevance; matched skills: Data Pipelines
CAND_0000001,10,Ira Vora,0.111498,11.15,6.9 years,Profile-to-JD relevance: 5.2%; Aspirational career pivot signal,5.2% profile-to-job-description relevance
CAND_0000038,11,Myra Trivedi,0.110927,11.09,6.7 years,Profile-to-JD relevance: 0.4%,0.4% profile-to-job-description relevance
CAND_0000010,12,Aarav Kapoor,0.108194,10.82,4.6 years,Profile-to-JD relevance: 5.3%; Aspirational career pivot signal,5.3% profile-to-job-description relevance
CAND_0000033,13,Shreya Nair,0.103035,10.3,8.6 years,"Profile-to-JD relevance: 5.3%; JD-matched skills: Data Pipelines, SEO","5.3% profile-to-job-description relevance; matched skills: Data Pipelines, SEO"
CAND_0000035,14,Vikram Verma,0.101349,10.13,4.3 years,Profile-to-JD relevance: 2.6%; JD-matched skills: Data Pipelines,2.6% profile-to-job-description relevance; matched skills: Data Pipelines
CAND_0000021,15,Rahul Joshi,0.089452,8.95,14.5 years,Profile-to-JD relevance: 1.9%,1.9% profile-to-job-description relevance
CAND_0000044,16,Vihaan Naidu,0.086381,8.64,5.7 years,Profile-to-JD relevance: 0.4%,0.4% profile-to-job-description relevance
CAND_0000016,17,Aanya Malhotra,0.086109,8.61,5.3 years,Profile-to-JD relevance: 3.4%; JD-matched skills: Data Pipelines,3.4% profile-to-job-description relevance; matched skills: Data Pipelines
CAND_0000026,18,Neha Rao,0.083138,8.31,6.8 years,Profile-to-JD relevance: 1.5%,1.5% profile-to-job-description relevance
CAND_0000046,19,Dev Nair,0.081076,8.11,7.8 years,Profile-to-JD relevance: 1.6%,1.6% profile-to-job-description relevance
CAND_0000048,20,Vihaan Saxena,0.079319,7.93,9.7 years,Profile-to-JD relevance: 0.4%,0.4% profile-to-job-description relevance
CAND_0000020,21,Aditya Iyengar,0.075227,7.52,6.3 years,Profile-to-JD relevance: 1.8%,1.8% profile-to-job-description relevance
CAND_0000011,22,Deepak Desai,0.073846,7.38,2.0 years,Profile-to-JD relevance: 0.5%,0.5% profile-to-job-description relevance
CAND_0000007,23,Vihaan Bose,0.071192,7.12,5.5 years,Profile-to-JD relevance: 1.1%,1.1% profile-to-job-description relevance
CAND_0000030,24,Ritu Pillai,0.067646,6.76,10.0 years,Profile-to-JD relevance: 2.5%; JD-matched skills: gRPC,2.5% profile-to-job-description relevance; matched skills: gRPC
CAND_0000049,25,Tanya Chowdary,0.066962,6.7,11.8 years,Profile-to-JD relevance: 4.6%; JD-matched skills: Data Pipelines,4.6% profile-to-job-description relevance; matched skills: Data Pipelines
CAND_0000023,26,Kavya Nair,0.064459,6.45,3.7 years,Profile-to-JD relevance: 0.8%; JD-matched skills: Marketing,0.8% profile-to-job-description relevance; matched skills: Marketing
CAND_0000039,27,Sai Saxena,0.061571,6.16,3.9 years,Profile-to-JD relevance: 1.5%,1.5% profile-to-job-description relevance
CAND_0000013,28,Pari Nair,0.061117,6.11,1.1 years,Profile-to-JD relevance: 4.6%; JD-matched skills: Data Pipelines,4.6% profile-to-job-description relevance; matched skills: Data Pipelines
CAND_0000002,29,Saanvi Sethi,0.057914,5.79,12.5 years,"Profile-to-JD relevance: 4.6%; JD-matched skills: Marketing, Feature Engineering","4.6% profile-to-job-description relevance; matched skills: Marketing, Feature Engineering"
CAND_0000041,30,Anjali Khanna,0.054746,5.47,13.7 years,Profile-to-JD relevance: 2.9%,2.9% profile-to-job-description relevance
CAND_0000034,31,Yash Chatterjee,0.050925,5.09,14.5 years,Profile-to-JD relevance: 5.2%,5.2% profile-to-job-description relevance
CAND_0000045,32,Vikram Mittal,0.046418,4.64,12.2 years,Profile-to-JD relevance: 1.5%,1.5% profile-to-job-description relevance
CAND_0000012,33,Anjali Krishnan,0.043064,4.31,1.1 years,Profile-to-JD relevance: 2.7%; JD-matched skills: gRPC,2.7% profile-to-job-description relevance; matched skills: gRPC
CAND_0000040,34,Dev Vora,0.032819,3.28,1.6 years,Profile-to-JD relevance: 0.7%,0.7% profile-to-job-description relevance
CAND_0000017,35,Anil Pandey,0.025393,2.54,12.3 years,Profile-to-JD relevance: 1.0%,1.0% profile-to-job-description relevance
CAND_0000019,36,Myra Mishra,0.002276,0.23,6.5 years,Profile-to-JD relevance: 5.2%; JD-matched skills: gRPC; CV/Speech profile without NLP/IR signal,5.2% profile-to-job-description relevance; matched skills: gRPC; ranking reduced by profile integrity or eligibility signals
CAND_0000042,37,Riya Mukherjee,0.002047,0.2,5.0 years,"Profile-to-JD relevance: 4.7%; JD-matched skills: gRPC, Marketing; CV/Speech profile without NLP/IR signal","4.7% profile-to-job-description relevance; matched skills: gRPC, Marketing; ranking reduced by profile integrity or eligibility signals"
CAND_0000009,38,Amit Shah,0.002039,0.2,11.0 years,Profile-to-JD relevance: 4.9%; JD-matched skills: gRPC; CV/Speech profile without NLP/IR signal,4.9% profile-to-job-description relevance; matched skills: gRPC; ranking reduced by profile integrity or eligibility signals
CAND_0000028,39,Rohan Krishnan,0.001878,0.19,1.1 years,Profile-to-JD relevance: 4.6%; JD-matched skills: Data Pipelines; Consulting-only career history; CV/Speech profile without NLP/IR signal,4.6% profile-to-job-description relevance; matched skills: Data Pipelines; ranking reduced by profile integrity or eligibility signals
CAND_0000037,40,Ved Sen,0.001873,0.19,14.3 years,Profile-to-JD relevance: 4.5%; CV/Speech profile without NLP/IR signal,4.5% profile-to-job-description relevance; ranking reduced by profile integrity or eligibility signals
CAND_0000003,41,Yash Agarwal,0.001806,0.18,1.1 years,Profile-to-JD relevance: 4.4%; JD-matched skills: SEO; Consulting-only career history,4.4% profile-to-job-description relevance; matched skills: SEO; ranking reduced by profile integrity or eligibility signals
CAND_0000004,42,Anil Bose,0.001558,0.16,3.8 years,Profile-to-JD relevance: 3.6%; CV/Speech profile without NLP/IR signal,3.6% profile-to-job-description relevance; ranking reduced by profile integrity or eligibility signals
CAND_0000005,43,Aisha Sethi,0.001482,0.15,11.0 years,Profile-to-JD relevance: 3.4%; CV/Speech profile without NLP/IR signal,3.4% profile-to-job-description relevance; ranking reduced by profile integrity or eligibility signals
CAND_0000018,44,Vivaan Reddy,0.001154,0.12,6.6 years,Profile-to-JD relevance: 2.3%; JD-matched skills: Data Pipelines; CV/Speech profile without NLP/IR signal,2.3% profile-to-job-description relevance; matched skills: Data Pipelines; ranking reduced by profile integrity or eligibility signals
CAND_0000024,45,Rajesh Arora,0.000897,0.09,7.5 years,Profile-to-JD relevance: 1.8%; Consulting-only career history,1.8% profile-to-job-description relevance; ranking reduced by profile integrity or eligibility signals
CAND_0000008,46,Shaurya Chatterjee,0.000833,0.08,3.6 years,Profile-to-JD relevance: 1.8%; Consulting-only career history,1.8% profile-to-job-description relevance; ranking reduced by profile integrity or eligibility signals
CAND_0000022,47,Shaurya Chatterjee,0.000715,0.07,1.1 years,Profile-to-JD relevance: 1.6%; CV/Speech profile without NLP/IR signal,1.6% profile-to-job-description relevance; ranking reduced by profile integrity or eligibility signals
CAND_0000027,48,Avni Pandey,0.000645,0.06,3.9 years,Profile-to-JD relevance: 1.1%; JD-matched skills: Marketing; Consulting-only career history,1.1% profile-to-job-description relevance; matched skills: Marketing; ranking reduced by profile integrity or eligibility signals
CAND_0000036,49,Ananya Bose,0.000561,0.06,11.3 years,Profile-to-JD relevance: 1.2%; CV/Speech profile without NLP/IR signal,1.2% profile-to-job-description relevance; ranking reduced by profile integrity or eligibility signals
CAND_0000047,50,Avni Bansal,0.000427,0.04,2.4 years,Profile-to-JD relevance: 0.9%; Consulting-only career history,0.9% profile-to-job-description relevance; ranking reduced by profile integrity or eligibility signals
